-- ============================================================
-- 00021_mock_data.sql — Strategy mock data for testing
-- AUTO-GENERATED by scripts/generate-mock-data.mjs
-- DO NOT EDIT DIRECTLY
--
-- Contains: 50 strategy templates, ~150 tags,
-- ~75 images, ~150 hotspots.
--
-- Uses ON CONFLICT (id) DO NOTHING for all inserts.
-- All FK references match migrations 00002 and 00008.
--
-- NOTE: profiles(id) REFERENCES auth.users(id). In local dev
-- we disable FK checks to insert mock profiles without auth.users entries.
-- This is safe for local testing only.
SET session_replication_role = 'replica';
-- ============================================================


-- ============================================================
-- 1. STRATEGY TEMPLATES — 50 new strategies across all maps
-- UUIDs: f1000000-0000-0000-0000-000000000001 .. 000032
-- All status = 'approved'
-- ============================================================
INSERT INTO strategy_templates (id, map_id, site_id, title, description, image_url, status, created_by) VALUES
  ('f1000000-0000-0000-0000-000000000001', 'a1111111-1111-1111-1111-111111111111', 'd1111111-1111-1111-1111-111111111111', 'Bank CEO – Vertical Attack from Parking', 'Ace breaches CEO wall from Parking. Buck opens floor from 2F. Nomad holds stair flank with airjabs.', '/images/strategies/mock_001.webp', 'approved', 'e1000000-0000-0000-0000-000000000001'),
  ('f1000000-0000-0000-0000-000000000002', 'a1111111-1111-1111-1111-111111111111', 'd1111111-1111-1111-1111-111111111112', 'Bank Staff Room – Default Plant Execute', 'Thermite opens Open Area wall. Jackal tracks roamers in Lobby. Gridlock covers flank with trax.', '/images/strategies/mock_002.webp', 'approved', 'e1000000-0000-0000-0000-000000000002'),
  ('f1000000-0000-0000-0000-000000000003', 'a1111111-1111-1111-1111-111111111111', 'd1111111-1111-1111-1111-111111111113', 'Bank Executive – Azami & Lesion Hold', 'Azami places Kiba barriers on windows. Lesion holds stairs with gu mines. Jäger protects from frags.', '/images/strategies/mock_003.webp', 'approved', 'e1000000-0000-0000-0000-000000000003'),
  ('f1000000-0000-0000-0000-000000000004', 'a1111111-1111-1111-1111-111111111111', 'd1111111-1111-1111-1111-111111111112', 'Bank Staff – Mira & Maestro Defense', 'Mira window on Staff wall. Maestro turret covers default plant. Smoke holds Open Area with canisters.', '/images/strategies/mock_004.webp', 'approved', 'e1000000-0000-0000-0000-000000000004'),
  ('f1000000-0000-0000-0000-000000000005', 'a1111111-1111-1111-1111-111111111111', 'd1111111-1111-1111-1111-111111111111', 'Bank CEO – Hibana Hatch Clear', 'Hibana opens CEO hatches. Iana drones out cubby. Sledge clears floor above. Plant below hatch.', '/images/strategies/mock_005.webp', 'approved', 'e1000000-0000-0000-0000-000000000005'),
  ('f1000000-0000-0000-0000-000000000006', 'a2222222-2222-2222-2222-222222222222', 'd2222222-2222-2222-2222-222222222221', 'Border Customs – Vertical Take', 'Sledge opens floor above Customs. Nomad holds East stairs. Twitch clears gadgets. Plant default.', '/images/strategies/mock_006.webp', 'approved', 'e1000000-0000-0000-0000-000000000006'),
  ('f1000000-0000-0000-0000-000000000007', 'a2222222-2222-2222-2222-222222222222', 'd2222222-2222-2222-2222-222222222222', 'Border Ventilation – Bandit & Smoke Hold', 'Bandit tricks Ventilation wall. Smoke holds Supply with canisters. Mute jammers deny drones.', '/images/strategies/mock_007.webp', 'approved', 'e1000000-0000-0000-0000-000000000007'),
  ('f1000000-0000-0000-0000-000000000008', 'a2222222-2222-2222-2222-222222222222', 'd2222222-2222-2222-2222-222222222223', 'Border Armory – Hard Breach Priority', 'Thatcher EMPs Armory wall. Thermite opens. Glaz holds angle from CCTV. Plant default.', '/images/strategies/mock_008.webp', 'approved', 'e1000000-0000-0000-0000-000000000008'),
  ('f1000000-0000-0000-0000-000000000009', 'a2222222-2222-2222-2222-222222222222', 'd2222222-2222-2222-2222-222222222224', 'Border Offices – Valkyrie Intel Setup', 'Valkyrie cams in Showers and Office. Kaid electroclaws on reinforced walls. Castle barricades doors.', '/images/strategies/mock_009.webp', 'approved', 'e1000000-0000-0000-0000-000000000009'),
  ('f1000000-0000-0000-0000-00000000000a', 'a3333333-3333-3333-3333-333333333333', 'd3333333-3333-3333-3333-333333333331', 'Chalet Wine Cellar – Bandit Trick Denial', 'Bandit tricks Wine Cellar wall. Smoke holds Bar. Jäger protects from nades. Mute denies drones.', '/images/strategies/mock_010.webp', 'approved', 'e1000000-0000-0000-0000-00000000000a'),
  ('f1000000-0000-0000-0000-00000000000b', 'a3333333-3333-3333-3333-333333333333', 'd3333333-3333-3333-3333-333333333332', 'Chalet Kitchen – Default Plant from Dining', 'Hibana opens Kitchen hatch. Zofia clears Dining. Jackal tracks roamers in Library. Plant default.', '/images/strategies/mock_011.webp', 'approved', 'e1000000-0000-0000-0000-00000000000b'),
  ('f1000000-0000-0000-0000-00000000000c', 'a3333333-3333-3333-3333-333333333333', 'd3333333-3333-3333-3333-333333333333', 'Chalet Master – Mira Window Control', 'Mira window on Master wall. Lesion holds stairs. Kaid electroclaws hatches. Azami blocks windows.', '/images/strategies/mock_012.webp', 'approved', 'e1000000-0000-0000-0000-00000000000c'),
  ('f1000000-0000-0000-0000-00000000000d', 'a3333333-3333-3333-3333-333333333333', 'd3333333-3333-3333-3333-333333333334', 'Chalet Library – Vertical Attack Strategy', 'Buck opens floor from 2F. Ace breaches Library wall. Nomad holds main stairs. Plant default.', '/images/strategies/mock_013.webp', 'approved', 'e1000000-0000-0000-0000-00000000000d'),
  ('f1000000-0000-0000-0000-00000000000e', 'a4444444-4444-4444-4444-444444444444', 'd4444444-4444-4444-4444-444444444441', 'Clubhouse Church – Maestro & Valkyrie Defense', 'Maestro turret covers default plant. Valkyrie cams in Arsenal. Smoke holds Church. Jäger protects.', '/images/strategies/mock_014.webp', 'approved', 'e1000000-0000-0000-0000-00000000000e'),
  ('f1000000-0000-0000-0000-00000000000f', 'a4444444-4444-4444-4444-444444444444', 'd4444444-4444-4444-4444-444444444442', 'Clubhouse Cash – Standard Attack Execute', 'Thatcher EMPs CCTV wall. Thermite opens. Sledge opens floor above Cash. Plant default.', '/images/strategies/mock_015.webp', 'approved', 'e1000000-0000-0000-0000-00000000000f'),
  ('f1000000-0000-0000-0000-000000000010', 'a4444444-4444-4444-4444-444444444444', 'd4444444-4444-4444-4444-444444444443', 'Clubhouse Bar – Rush Strategy with Ying', 'Ash and Zofia double rush Bar. Ying candela clears Stock. Blitz flashes corners. Plant behind bar.', '/images/strategies/mock_016.webp', 'approved', 'e1000000-0000-0000-0000-000000000010'),
  ('f1000000-0000-0000-0000-000000000011', 'a4444444-4444-4444-4444-444444444444', 'd4444444-4444-4444-4444-444444444444', 'Clubhouse Gym – Mira & Azami Hold', 'Mira window on Gym wall. Azami blocks bedroom. Smoke holds stairs. Lesion gu on entries.', '/images/strategies/mock_017.webp', 'approved', 'e1000000-0000-0000-0000-000000000011'),
  ('f1000000-0000-0000-0000-000000000012', 'a4444444-4444-4444-4444-444444444444', 'd4444444-4444-4444-4444-444444444445', 'Clubhouse CCTV – Vertical Take from 3F', 'Buck opens floor from 3F rafters. Ace breaches Cash wall. Nomad holds stairs. Plant default.', '/images/strategies/mock_018.webp', 'approved', 'e1000000-0000-0000-0000-000000000012'),
  ('f1000000-0000-0000-0000-000000000013', 'a5555555-5555-5555-5555-555555555555', 'd5555555-5555-5555-5555-555555555551', 'Coastline Blue Bar – Penthouse Execute', 'Ash breaches Blue Bar window. Buck opens floor from Theater. Jackal tracks in Sunrise. Plant default.', '/images/strategies/mock_019.webp', 'approved', 'e1000000-0000-0000-0000-000000000013'),
  ('f1000000-0000-0000-0000-000000000014', 'a5555555-5555-5555-5555-555555555555', 'd5555555-5555-5555-5555-555555555552', 'Coastline Kitchen – Service Denial Defense', 'Melusi Banshees on Kitchen doors. Smoke holds Service. Jäger protects. Valkyrie cam in Kitchen.', '/images/strategies/mock_020.webp', 'approved', 'e1000000-0000-0000-0000-000000000014'),
  ('f1000000-0000-0000-0000-000000000015', 'a5555555-5555-5555-5555-555555555555', 'd5555555-5555-5555-5555-555555555553', 'Coastline Penthouse – Theater Default Plant', 'Hibana opens Penthouse wall. Ying candelas clear Theater. Nomad holds stairs. Plant behind couch.', '/images/strategies/mock_021.webp', 'approved', 'e1000000-0000-0000-0000-000000000001'),
  ('f1000000-0000-0000-0000-000000000016', 'a5555555-5555-5555-5555-555555555555', 'd5555555-5555-5555-5555-555555555554', 'Coastline Hookah – Billiards Anti-Rush', 'Azami Kiba on Hookah windows. Lesion traps on Billiards entries. Warden flashes counter.', '/images/strategies/mock_022.webp', 'approved', 'e1000000-0000-0000-0000-000000000002'),
  ('f1000000-0000-0000-0000-000000000017', 'a6666666-6666-6666-6666-666666666666', 'd6666666-6666-6666-6666-666666666661', 'Consulate Archives – Basement Attack', 'Ace opens Archives wall. Zofia clears Admin. Gridlock holds stairs. Plant default behind pillar.', '/images/strategies/mock_023.webp', 'approved', 'e1000000-0000-0000-0000-000000000003'),
  ('f1000000-0000-0000-0000-000000000018', 'a6666666-6666-6666-6666-666666666666', 'd6666666-6666-6666-6666-666666666662', 'Consulate Lobby – Mira & Smoke Defense', 'Mira window on Lobby wall. Smoke holds Press Room. Jäger protects. Mute denies breaches.', '/images/strategies/mock_024.webp', 'approved', 'e1000000-0000-0000-0000-000000000004'),
  ('f1000000-0000-0000-0000-000000000019', 'a6666666-6666-6666-6666-666666666666', 'd6666666-6666-6666-6666-666666666663', 'Consulate Consul Office – Vertical Play', 'Buck opens floor from 2F. Thermite breaches wall. Iana drones out Meeting. Plant default.', '/images/strategies/mock_025.webp', 'approved', 'e1000000-0000-0000-0000-000000000005'),
  ('f1000000-0000-0000-0000-00000000001a', 'a6666666-6666-6666-6666-666666666666', 'd6666666-6666-6666-6666-666666666664', 'Consulate Cafeteria – Kitchen Hold', 'Azami blocks Cafeteria windows. Lesion holds Kitchen. Kaid electroclaws walls. Valkyrie cam intel.', '/images/strategies/mock_026.webp', 'approved', 'e1000000-0000-0000-0000-000000000006'),
  ('f1000000-0000-0000-0000-00000000001b', 'a6666666-6666-6666-6666-666666666666', 'd6666666-6666-6666-6666-666666666661', 'Consulate Archives – Hibana Hatch Execute', 'Hibana opens Archives hatches. Sledge clears above. Jackal tracks in Lobby. Plant default.', '/images/strategies/mock_027.webp', 'approved', 'e1000000-0000-0000-0000-000000000007'),
  ('f1000000-0000-0000-0000-00000000001c', 'a7777777-7777-7777-7777-777777777777', 'd7777777-7777-7777-7777-777777777771', 'Emerald Plains Bar – Stock Defense Setup', 'Mira window on Bar wall. Smoke holds Stock. Kaid electroclaws. Lesion gu on entry points.', '/images/strategies/mock_028.webp', 'approved', 'e1000000-0000-0000-0000-000000000008'),
  ('f1000000-0000-0000-0000-00000000001d', 'a7777777-7777-7777-7777-777777777777', 'd7777777-7777-7777-7777-777777777772', 'Emerald Plains Kitchen – Default Plant Attack', 'Thatcher EMPs Kitchen wall. Thermite opens. Gridlock holds Dining. Plant default behind counter.', '/images/strategies/mock_029.webp', 'approved', 'e1000000-0000-0000-0000-000000000009'),
  ('f1000000-0000-0000-0000-00000000001e', 'a7777777-7777-7777-7777-777777777777', 'd7777777-7777-7777-7777-777777777773', 'Emerald Plains Master – Roamer Clear', 'Jackal tracks roamers in Office. Nomad holds stairs. Finka boost for entry. Plant default bedroom.', '/images/strategies/mock_030.webp', 'approved', 'e1000000-0000-0000-0000-00000000000a'),
  ('f1000000-0000-0000-0000-00000000001f', 'a7777777-7777-7777-7777-777777777777', 'd7777777-7777-7777-7777-777777777771', 'Emerald Plains Bar – Azami & Valkyrie Hold', 'Azami Kiba on Bar windows. Valkyrie cams in Stock. Jäger protects. Frost mats on stairs.', '/images/strategies/mock_031.webp', 'approved', 'e1000000-0000-0000-0000-00000000000b'),
  ('f1000000-0000-0000-0000-000000000020', 'a8888888-8888-8888-8888-888888888888', 'd8888888-8888-8888-8888-888888888881', 'Kafe Kitchen – Bakery Default Plant', 'Ace opens Kitchen wall. Sledge floor above. Iana drones Bakery. Plant default behind counter.', '/images/strategies/mock_032.webp', 'approved', 'e1000000-0000-0000-0000-00000000000c'),
  ('f1000000-0000-0000-0000-000000000021', 'a8888888-8888-8888-8888-888888888888', 'd8888888-8888-8888-8888-888888888882', 'Kafe Fireplace – Cigar Smoke Denial', 'Smoke holds Fireplace with canisters. Mira window on Mining wall. Jäger protects. Mute denies breaches.', '/images/strategies/mock_033.webp', 'approved', 'e1000000-0000-0000-0000-00000000000d'),
  ('f1000000-0000-0000-0000-000000000022', 'a8888888-8888-8888-8888-888888888888', 'd8888888-8888-8888-8888-888888888883', 'Kafe Cocktail – 3F Execute Strategy', 'Hibana opens Cocktail wall. Buck vertical from roof. Nomad holds Red Stairs. Plant default.', '/images/strategies/mock_034.webp', 'approved', 'e1000000-0000-0000-0000-00000000000e'),
  ('f1000000-0000-0000-0000-000000000023', 'a8888888-8888-8888-8888-888888888888', 'd8888888-8888-8888-8888-888888888882', 'Kafe Fireplace – Maestro Intel Hold', 'Maestro turret on Fireplace. Valkyrie cam in Cigar. Lesion holds Mining. Azami blocks windows.', '/images/strategies/mock_035.webp', 'approved', 'e1000000-0000-0000-0000-00000000000f'),
  ('f1000000-0000-0000-0000-000000000024', 'a8888888-8888-8888-8888-888888888888', 'd8888888-8888-8888-8888-888888888881', 'Kafe Kitchen – Reading Room Take', 'Thermite breaches Reading wall. Zofia clears Kitchen. Jackal tracks in Bakery. Plant default.', '/images/strategies/mock_036.webp', 'approved', 'e1000000-0000-0000-0000-000000000010'),
  ('f1000000-0000-0000-0000-000000000025', 'a1010101-1010-1010-1010-101010101010', 'd1010101-1010-1010-1010-101010101011', 'Nighthaven Server – Research Execute', 'Ace opens Server wall. Iana drones Research. Nomad holds stairs. Plant behind server rack.', '/images/strategies/mock_037.webp', 'approved', 'e1000000-0000-0000-0000-000000000011'),
  ('f1000000-0000-0000-0000-000000000026', 'a1010101-1010-1010-1010-101010101010', 'd1010101-1010-1010-1010-101010101012', 'Nighthaven Lobby – Operations Hold', 'Mira window on Lobby wall. Smoke holds Operations. Kaid electroclaws. Lesion gu on entries.', '/images/strategies/mock_038.webp', 'approved', 'e1000000-0000-0000-0000-000000000012'),
  ('f1000000-0000-0000-0000-000000000027', 'a1010101-1010-1010-1010-101010101010', 'd1010101-1010-1010-1010-101010101013', 'Nighthaven Command – Vertical Attack', 'Buck opens floor from 2F. Hibana breaches Command wall. Gridlock holds Control. Plant default.', '/images/strategies/mock_039.webp', 'approved', 'e1000000-0000-0000-0000-000000000013'),
  ('f1000000-0000-0000-0000-000000000028', 'a1010101-1010-1010-1010-101010101010', 'd1010101-1010-1010-1010-101010101012', 'Nighthaven Lobby – Azami & Valkyrie', 'Azami blocks Lobby windows. Valkyrie cams in Operations. Jäger protects. Frost mats on stairs.', '/images/strategies/mock_040.webp', 'approved', 'e1000000-0000-0000-0000-000000000014'),
  ('f1000000-0000-0000-0000-000000000029', 'a1111111-1111-1111-1111-111111111112', 'd1111111-1111-1111-1111-111111111121', 'Oregon Basement – Laundry Mira Setup', 'Mira window on Laundry wall. Smoke holds Supply. Bandit tricks wall. Lesion on stairs.', '/images/strategies/mock_041.webp', 'approved', 'e1000000-0000-0000-0000-000000000001'),
  ('f1000000-0000-0000-0000-00000000002a', 'a1111111-1111-1111-1111-111111111112', 'd1111111-1111-1111-1111-111111111122', 'Oregon Kitchen – Dining Vertical Attack', 'Sledge opens floor from 2F. Ace breaches Dining wall. Zofia clears freezer. Plant default.', '/images/strategies/mock_042.webp', 'approved', 'e1000000-0000-0000-0000-000000000002'),
  ('f1000000-0000-0000-0000-00000000002b', 'a1111111-1111-1111-1111-111111111112', 'd1111111-1111-1111-1111-111111111123', 'Oregon Kids – Dorms Default Plant', 'Thatcher EMPs Kids wall. Thermite opens. Buck vertical from below. Plant behind box.', '/images/strategies/mock_043.webp', 'approved', 'e1000000-0000-0000-0000-000000000003'),
  ('f1000000-0000-0000-0000-00000000002c', 'a1111111-1111-1111-1111-111111111112', 'd1111111-1111-1111-1111-111111111124', 'Oregon Master – Study Attack Strategy', 'Hibana opens Study wall. Iana drones Master. Nomad holds big tower. Plant default.', '/images/strategies/mock_044.webp', 'approved', 'e1000000-0000-0000-0000-000000000004'),
  ('f1000000-0000-0000-0000-00000000002d', 'a1111111-1111-1111-1111-111111111112', 'd1111111-1111-1111-1111-111111111121', 'Oregon Basement – Kaid & Mute Denial', 'Kaid electroclaws on Laundry wall. Mute jammers on Supply. Smoke holds. Jäger protects.', '/images/strategies/mock_045.webp', 'approved', 'e1000000-0000-0000-0000-000000000005'),
  ('f1000000-0000-0000-0000-00000000002e', 'a1616161-1616-1616-1616-161616161616', 'd1616161-1616-1616-1616-161616161611', 'Villa Crypt – Piano Default Attack', 'Ace opens Crypt wall. Buck vertical from above. Nomad holds stairs. Plant behind piano.', '/images/strategies/mock_046.webp', 'approved', 'e1000000-0000-0000-0000-000000000006'),
  ('f1000000-0000-0000-0000-00000000002f', 'a1616161-1616-1616-1616-161616161616', 'd1616161-1616-1616-1616-161616161612', 'Villa Living Room – Library Hold', 'Mira window on Living wall. Smoke holds Library. Lesion on entries. Jäger protects.', '/images/strategies/mock_047.webp', 'approved', 'e1000000-0000-0000-0000-000000000007'),
  ('f1000000-0000-0000-0000-000000000030', 'a1616161-1616-1616-1616-161616161616', 'd1616161-1616-1616-1616-161616161613', 'Villa Aviator – Games Vertical Take', 'Sledge opens floor from 2F. Hibana breaches Aviator wall. Jackal tracks roamers. Plant default.', '/images/strategies/mock_048.webp', 'approved', 'e1000000-0000-0000-0000-000000000008'),
  ('f1000000-0000-0000-0000-000000000031', 'a1616161-1616-1616-1616-161616161616', 'd1616161-1616-1616-1616-161616161614', 'Villa Trophy – Statuary Execute', 'Thermite opens Trophy wall. Thatcher EMPs. Gridlock holds Art Room. Plant default.', '/images/strategies/mock_049.webp', 'approved', 'e1000000-0000-0000-0000-000000000009'),
  ('f1000000-0000-0000-0000-000000000032', 'a1616161-1616-1616-1616-161616161616', 'd1616161-1616-1616-1616-161616161612', 'Villa Living Room – Azami & Maestro', 'Azami blocks Living windows. Maestro turret on Library. Valkyrie cam in Kitchen. Lesion traps.', '/images/strategies/mock_050.webp', 'approved', 'e1000000-0000-0000-0000-00000000000a')
ON CONFLICT (id) DO NOTHING;

-- ============================================================
-- 2. STRATEGY TAGS — 2-3 per strategy
-- UUIDs: f2000000-0000-0000-0000-000000000001 .. 000096
-- ============================================================
INSERT INTO strategy_tags (id, strategy_id, tag) VALUES
  ('f2000000-0000-0000-0000-000000000001', 'f1000000-0000-0000-0000-000000000001', 'Entry Fragger'),
  ('f2000000-0000-0000-0000-000000000002', 'f1000000-0000-0000-0000-000000000001', 'Plant'),
  ('f2000000-0000-0000-0000-000000000003', 'f1000000-0000-0000-0000-000000000001', 'Vertical'),
  ('f2000000-0000-0000-0000-000000000004', 'f1000000-0000-0000-0000-000000000002', 'Entry Fragger'),
  ('f2000000-0000-0000-0000-000000000005', 'f1000000-0000-0000-0000-000000000002', 'Plant'),
  ('f2000000-0000-0000-0000-000000000006', 'f1000000-0000-0000-0000-000000000002', 'Defender'),
  ('f2000000-0000-0000-0000-000000000007', 'f1000000-0000-0000-0000-000000000003', 'Defender'),
  ('f2000000-0000-0000-0000-000000000008', 'f1000000-0000-0000-0000-000000000003', 'Site Setup'),
  ('f2000000-0000-0000-0000-000000000009', 'f1000000-0000-0000-0000-000000000003', 'Area Denial'),
  ('f2000000-0000-0000-0000-00000000000a', 'f1000000-0000-0000-0000-000000000004', 'Defender'),
  ('f2000000-0000-0000-0000-00000000000b', 'f1000000-0000-0000-0000-000000000004', 'Site Setup'),
  ('f2000000-0000-0000-0000-00000000000c', 'f1000000-0000-0000-0000-000000000004', 'Flank Watch'),
  ('f2000000-0000-0000-0000-00000000000d', 'f1000000-0000-0000-0000-000000000005', 'Entry Fragger'),
  ('f2000000-0000-0000-0000-00000000000e', 'f1000000-0000-0000-0000-000000000005', 'Plant'),
  ('f2000000-0000-0000-0000-00000000000f', 'f1000000-0000-0000-0000-000000000005', 'Area Denial'),
  ('f2000000-0000-0000-0000-000000000010', 'f1000000-0000-0000-0000-000000000006', 'Entry Fragger'),
  ('f2000000-0000-0000-0000-000000000011', 'f1000000-0000-0000-0000-000000000006', 'Plant'),
  ('f2000000-0000-0000-0000-000000000012', 'f1000000-0000-0000-0000-000000000006', 'Anti-Projectile'),
  ('f2000000-0000-0000-0000-000000000013', 'f1000000-0000-0000-0000-000000000007', 'Defender'),
  ('f2000000-0000-0000-0000-000000000014', 'f1000000-0000-0000-0000-000000000007', 'Site Setup'),
  ('f2000000-0000-0000-0000-000000000015', 'f1000000-0000-0000-0000-000000000007', 'Area Denial'),
  ('f2000000-0000-0000-0000-000000000016', 'f1000000-0000-0000-0000-000000000008', 'Entry Fragger'),
  ('f2000000-0000-0000-0000-000000000017', 'f1000000-0000-0000-0000-000000000008', 'Plant'),
  ('f2000000-0000-0000-0000-000000000018', 'f1000000-0000-0000-0000-000000000008', 'Rush'),
  ('f2000000-0000-0000-0000-000000000019', 'f1000000-0000-0000-0000-000000000009', 'Defender'),
  ('f2000000-0000-0000-0000-00000000001a', 'f1000000-0000-0000-0000-000000000009', 'Site Setup'),
  ('f2000000-0000-0000-0000-00000000001b', 'f1000000-0000-0000-0000-000000000009', 'Plant'),
  ('f2000000-0000-0000-0000-00000000001c', 'f1000000-0000-0000-0000-00000000000a', 'Defender'),
  ('f2000000-0000-0000-0000-00000000001d', 'f1000000-0000-0000-0000-00000000000a', 'Site Setup'),
  ('f2000000-0000-0000-0000-00000000001e', 'f1000000-0000-0000-0000-00000000000a', 'Anti-Breach'),
  ('f2000000-0000-0000-0000-00000000001f', 'f1000000-0000-0000-0000-00000000000b', 'Entry Fragger'),
  ('f2000000-0000-0000-0000-000000000020', 'f1000000-0000-0000-0000-00000000000b', 'Plant'),
  ('f2000000-0000-0000-0000-000000000021', 'f1000000-0000-0000-0000-00000000000b', 'Default Plant'),
  ('f2000000-0000-0000-0000-000000000022', 'f1000000-0000-0000-0000-00000000000c', 'Defender'),
  ('f2000000-0000-0000-0000-000000000023', 'f1000000-0000-0000-0000-00000000000c', 'Site Setup'),
  ('f2000000-0000-0000-0000-000000000024', 'f1000000-0000-0000-0000-00000000000c', 'Flank Watch'),
  ('f2000000-0000-0000-0000-000000000025', 'f1000000-0000-0000-0000-00000000000d', 'Entry Fragger'),
  ('f2000000-0000-0000-0000-000000000026', 'f1000000-0000-0000-0000-00000000000d', 'Plant'),
  ('f2000000-0000-0000-0000-000000000027', 'f1000000-0000-0000-0000-00000000000d', 'Intel Denial'),
  ('f2000000-0000-0000-0000-000000000028', 'f1000000-0000-0000-0000-00000000000e', 'Defender')
ON CONFLICT (id) DO NOTHING;

INSERT INTO strategy_tags (id, strategy_id, tag) VALUES
  ('f2000000-0000-0000-0000-000000000029', 'f1000000-0000-0000-0000-00000000000e', 'Site Setup'),
  ('f2000000-0000-0000-0000-00000000002a', 'f1000000-0000-0000-0000-00000000000e', 'Anti-Breach'),
  ('f2000000-0000-0000-0000-00000000002b', 'f1000000-0000-0000-0000-00000000000f', 'Entry Fragger'),
  ('f2000000-0000-0000-0000-00000000002c', 'f1000000-0000-0000-0000-00000000000f', 'Plant'),
  ('f2000000-0000-0000-0000-00000000002d', 'f1000000-0000-0000-0000-00000000000f', 'Plant'),
  ('f2000000-0000-0000-0000-00000000002e', 'f1000000-0000-0000-0000-000000000010', 'Entry Fragger'),
  ('f2000000-0000-0000-0000-00000000002f', 'f1000000-0000-0000-0000-000000000010', 'Plant'),
  ('f2000000-0000-0000-0000-000000000030', 'f1000000-0000-0000-0000-000000000010', 'Flank Denial'),
  ('f2000000-0000-0000-0000-000000000031', 'f1000000-0000-0000-0000-000000000011', 'Defender'),
  ('f2000000-0000-0000-0000-000000000032', 'f1000000-0000-0000-0000-000000000011', 'Site Setup'),
  ('f2000000-0000-0000-0000-000000000033', 'f1000000-0000-0000-0000-000000000011', 'Plant'),
  ('f2000000-0000-0000-0000-000000000034', 'f1000000-0000-0000-0000-000000000012', 'Entry Fragger'),
  ('f2000000-0000-0000-0000-000000000035', 'f1000000-0000-0000-0000-000000000012', 'Plant'),
  ('f2000000-0000-0000-0000-000000000036', 'f1000000-0000-0000-0000-000000000012', 'Support'),
  ('f2000000-0000-0000-0000-000000000037', 'f1000000-0000-0000-0000-000000000013', 'Entry Fragger'),
  ('f2000000-0000-0000-0000-000000000038', 'f1000000-0000-0000-0000-000000000013', 'Plant'),
  ('f2000000-0000-0000-0000-000000000039', 'f1000000-0000-0000-0000-000000000013', 'Healing'),
  ('f2000000-0000-0000-0000-00000000003a', 'f1000000-0000-0000-0000-000000000014', 'Defender'),
  ('f2000000-0000-0000-0000-00000000003b', 'f1000000-0000-0000-0000-000000000014', 'Site Setup'),
  ('f2000000-0000-0000-0000-00000000003c', 'f1000000-0000-0000-0000-000000000014', 'Flank Watch'),
  ('f2000000-0000-0000-0000-00000000003d', 'f1000000-0000-0000-0000-000000000015', 'Entry Fragger'),
  ('f2000000-0000-0000-0000-00000000003e', 'f1000000-0000-0000-0000-000000000015', 'Plant'),
  ('f2000000-0000-0000-0000-00000000003f', 'f1000000-0000-0000-0000-000000000015', 'Vertical'),
  ('f2000000-0000-0000-0000-000000000040', 'f1000000-0000-0000-0000-000000000016', 'Defender'),
  ('f2000000-0000-0000-0000-000000000041', 'f1000000-0000-0000-0000-000000000016', 'Site Setup'),
  ('f2000000-0000-0000-0000-000000000042', 'f1000000-0000-0000-0000-000000000016', 'Anti-Breach'),
  ('f2000000-0000-0000-0000-000000000043', 'f1000000-0000-0000-0000-000000000017', 'Entry Fragger'),
  ('f2000000-0000-0000-0000-000000000044', 'f1000000-0000-0000-0000-000000000017', 'Plant'),
  ('f2000000-0000-0000-0000-000000000045', 'f1000000-0000-0000-0000-000000000017', 'Entry Fragger'),
  ('f2000000-0000-0000-0000-000000000046', 'f1000000-0000-0000-0000-000000000018', 'Defender'),
  ('f2000000-0000-0000-0000-000000000047', 'f1000000-0000-0000-0000-000000000018', 'Site Setup'),
  ('f2000000-0000-0000-0000-000000000048', 'f1000000-0000-0000-0000-000000000018', 'Flank Watch'),
  ('f2000000-0000-0000-0000-000000000049', 'f1000000-0000-0000-0000-000000000019', 'Entry Fragger'),
  ('f2000000-0000-0000-0000-00000000004a', 'f1000000-0000-0000-0000-000000000019', 'Plant'),
  ('f2000000-0000-0000-0000-00000000004b', 'f1000000-0000-0000-0000-000000000019', 'Area Denial'),
  ('f2000000-0000-0000-0000-00000000004c', 'f1000000-0000-0000-0000-00000000001a', 'Defender'),
  ('f2000000-0000-0000-0000-00000000004d', 'f1000000-0000-0000-0000-00000000001a', 'Site Setup'),
  ('f2000000-0000-0000-0000-00000000004e', 'f1000000-0000-0000-0000-00000000001a', 'Anti-Breach'),
  ('f2000000-0000-0000-0000-00000000004f', 'f1000000-0000-0000-0000-00000000001b', 'Entry Fragger'),
  ('f2000000-0000-0000-0000-000000000050', 'f1000000-0000-0000-0000-00000000001b', 'Plant')
ON CONFLICT (id) DO NOTHING;

INSERT INTO strategy_tags (id, strategy_id, tag) VALUES
  ('f2000000-0000-0000-0000-000000000051', 'f1000000-0000-0000-0000-00000000001b', 'Soft Breach'),
  ('f2000000-0000-0000-0000-000000000052', 'f1000000-0000-0000-0000-00000000001c', 'Defender'),
  ('f2000000-0000-0000-0000-000000000053', 'f1000000-0000-0000-0000-00000000001c', 'Site Setup'),
  ('f2000000-0000-0000-0000-000000000054', 'f1000000-0000-0000-0000-00000000001c', 'Flank Watch'),
  ('f2000000-0000-0000-0000-000000000055', 'f1000000-0000-0000-0000-00000000001d', 'Entry Fragger'),
  ('f2000000-0000-0000-0000-000000000056', 'f1000000-0000-0000-0000-00000000001d', 'Plant'),
  ('f2000000-0000-0000-0000-000000000057', 'f1000000-0000-0000-0000-00000000001d', 'Intel'),
  ('f2000000-0000-0000-0000-000000000058', 'f1000000-0000-0000-0000-00000000001e', 'Entry Fragger'),
  ('f2000000-0000-0000-0000-000000000059', 'f1000000-0000-0000-0000-00000000001e', 'Plant'),
  ('f2000000-0000-0000-0000-00000000005a', 'f1000000-0000-0000-0000-00000000001e', 'Anti-Breach'),
  ('f2000000-0000-0000-0000-00000000005b', 'f1000000-0000-0000-0000-00000000001f', 'Defender'),
  ('f2000000-0000-0000-0000-00000000005c', 'f1000000-0000-0000-0000-00000000001f', 'Site Setup'),
  ('f2000000-0000-0000-0000-00000000005d', 'f1000000-0000-0000-0000-00000000001f', 'Area Denial'),
  ('f2000000-0000-0000-0000-00000000005e', 'f1000000-0000-0000-0000-000000000020', 'Entry Fragger'),
  ('f2000000-0000-0000-0000-00000000005f', 'f1000000-0000-0000-0000-000000000020', 'Plant'),
  ('f2000000-0000-0000-0000-000000000060', 'f1000000-0000-0000-0000-000000000020', 'Trap'),
  ('f2000000-0000-0000-0000-000000000061', 'f1000000-0000-0000-0000-000000000021', 'Defender'),
  ('f2000000-0000-0000-0000-000000000062', 'f1000000-0000-0000-0000-000000000021', 'Site Setup'),
  ('f2000000-0000-0000-0000-000000000063', 'f1000000-0000-0000-0000-000000000021', 'Plant'),
  ('f2000000-0000-0000-0000-000000000064', 'f1000000-0000-0000-0000-000000000022', 'Entry Fragger'),
  ('f2000000-0000-0000-0000-000000000065', 'f1000000-0000-0000-0000-000000000022', 'Plant'),
  ('f2000000-0000-0000-0000-000000000066', 'f1000000-0000-0000-0000-000000000022', 'Hard Breach'),
  ('f2000000-0000-0000-0000-000000000067', 'f1000000-0000-0000-0000-000000000023', 'Defender'),
  ('f2000000-0000-0000-0000-000000000068', 'f1000000-0000-0000-0000-000000000023', 'Site Setup'),
  ('f2000000-0000-0000-0000-000000000069', 'f1000000-0000-0000-0000-000000000023', 'Area Denial'),

  ('f2000000-0000-0000-0000-00000000006a', 'f1000000-0000-0000-0000-000000000024', 'Entry Fragger'),
  ('f2000000-0000-0000-0000-00000000006b', 'f1000000-0000-0000-0000-000000000024', 'Plant'),
  ('f2000000-0000-0000-0000-00000000006c', 'f1000000-0000-0000-0000-000000000024', 'Flank Denial'),
  ('f2000000-0000-0000-0000-00000000006d', 'f1000000-0000-0000-0000-000000000025', 'Entry Fragger'),
  ('f2000000-0000-0000-0000-00000000006e', 'f1000000-0000-0000-0000-000000000025', 'Plant'),
  ('f2000000-0000-0000-0000-00000000006f', 'f1000000-0000-0000-0000-000000000025', 'Site Setup'),
  ('f2000000-0000-0000-0000-000000000070', 'f1000000-0000-0000-0000-000000000026', 'Defender'),
  ('f2000000-0000-0000-0000-000000000071', 'f1000000-0000-0000-0000-000000000026', 'Site Setup'),
  ('f2000000-0000-0000-0000-000000000072', 'f1000000-0000-0000-0000-000000000026', 'Anti-Breach'),
  ('f2000000-0000-0000-0000-000000000073', 'f1000000-0000-0000-0000-000000000027', 'Entry Fragger'),
  ('f2000000-0000-0000-0000-000000000074', 'f1000000-0000-0000-0000-000000000027', 'Plant'),
  ('f2000000-0000-0000-0000-000000000075', 'f1000000-0000-0000-0000-000000000027', 'Healing'),
  ('f2000000-0000-0000-0000-000000000076', 'f1000000-0000-0000-0000-000000000028', 'Defender'),
  ('f2000000-0000-0000-0000-000000000077', 'f1000000-0000-0000-0000-000000000028', 'Site Setup'),
  ('f2000000-0000-0000-0000-000000000078', 'f1000000-0000-0000-0000-000000000028', 'Flank Watch')
ON CONFLICT (id) DO NOTHING;

INSERT INTO strategy_tags (id, strategy_id, tag) VALUES
  ('f2000000-0000-0000-0000-000000000079', 'f1000000-0000-0000-0000-000000000029', 'Defender'),
  ('f2000000-0000-0000-0000-00000000007a', 'f1000000-0000-0000-0000-000000000029', 'Site Setup'),
  ('f2000000-0000-0000-0000-00000000007b', 'f1000000-0000-0000-0000-000000000029', 'Plant'),
  ('f2000000-0000-0000-0000-00000000007c', 'f1000000-0000-0000-0000-00000000002a', 'Entry Fragger'),
  ('f2000000-0000-0000-0000-00000000007d', 'f1000000-0000-0000-0000-00000000002a', 'Plant'),
  ('f2000000-0000-0000-0000-00000000007e', 'f1000000-0000-0000-0000-00000000002a', 'Defender'),
  ('f2000000-0000-0000-0000-00000000007f', 'f1000000-0000-0000-0000-00000000002b', 'Entry Fragger'),
  ('f2000000-0000-0000-0000-000000000080', 'f1000000-0000-0000-0000-00000000002b', 'Plant'),
  ('f2000000-0000-0000-0000-000000000081', 'f1000000-0000-0000-0000-00000000002b', 'Entry Fragger'),
  ('f2000000-0000-0000-0000-000000000082', 'f1000000-0000-0000-0000-00000000002c', 'Entry Fragger'),
  ('f2000000-0000-0000-0000-000000000083', 'f1000000-0000-0000-0000-00000000002c', 'Plant'),
  ('f2000000-0000-0000-0000-000000000084', 'f1000000-0000-0000-0000-00000000002c', 'Roamer Clear'),
  ('f2000000-0000-0000-0000-000000000085', 'f1000000-0000-0000-0000-00000000002d', 'Defender'),
  ('f2000000-0000-0000-0000-000000000086', 'f1000000-0000-0000-0000-00000000002d', 'Site Setup'),
  ('f2000000-0000-0000-0000-000000000087', 'f1000000-0000-0000-0000-00000000002d', 'Plant'),
  ('f2000000-0000-0000-0000-000000000088', 'f1000000-0000-0000-0000-00000000002e', 'Entry Fragger'),
  ('f2000000-0000-0000-0000-000000000089', 'f1000000-0000-0000-0000-00000000002e', 'Plant'),
  ('f2000000-0000-0000-0000-00000000008a', 'f1000000-0000-0000-0000-00000000002e', 'Anti-Projectile'),
  ('f2000000-0000-0000-0000-00000000008b', 'f1000000-0000-0000-0000-00000000002f', 'Defender'),
  ('f2000000-0000-0000-0000-00000000008c', 'f1000000-0000-0000-0000-00000000002f', 'Site Setup'),
  ('f2000000-0000-0000-0000-00000000008d', 'f1000000-0000-0000-0000-00000000002f', 'Area Denial'),
  ('f2000000-0000-0000-0000-00000000008e', 'f1000000-0000-0000-0000-000000000030', 'Entry Fragger'),
  ('f2000000-0000-0000-0000-00000000008f', 'f1000000-0000-0000-0000-000000000030', 'Plant'),
  ('f2000000-0000-0000-0000-000000000090', 'f1000000-0000-0000-0000-000000000030', 'Rush'),
  ('f2000000-0000-0000-0000-000000000091', 'f1000000-0000-0000-0000-000000000031', 'Entry Fragger'),
  ('f2000000-0000-0000-0000-000000000092', 'f1000000-0000-0000-0000-000000000031', 'Plant'),
  ('f2000000-0000-0000-0000-000000000093', 'f1000000-0000-0000-0000-000000000031', 'Intel'),
  ('f2000000-0000-0000-0000-000000000094', 'f1000000-0000-0000-0000-000000000032', 'Defender'),
  ('f2000000-0000-0000-0000-000000000095', 'f1000000-0000-0000-0000-000000000032', 'Site Setup'),
  ('f2000000-0000-0000-0000-000000000096', 'f1000000-0000-0000-0000-000000000032', 'Anti-Breach')
ON CONFLICT (id) DO NOTHING;

-- ============================================================
-- 3. STRATEGY IMAGES — 1-2 per strategy
-- UUIDs: f3000000-0000-0000-0000-000000000001 .. 00004b
-- ============================================================
INSERT INTO strategy_images (id, strategy_id, image_url, sort_order, caption, created_at) VALUES
  ('f3000000-0000-0000-0000-000000000001', 'f1000000-0000-0000-0000-000000000001', '/images/strategies/mock_strategy_001.webp', 0, NULL, NOW() - interval '7 days'),
  ('f3000000-0000-0000-0000-000000000002', 'f1000000-0000-0000-0000-000000000001', '/images/strategies/mock_strategy_002.webp', 1, NULL, NOW() - interval '7 days'),
  ('f3000000-0000-0000-0000-000000000003', 'f1000000-0000-0000-0000-000000000002', '/images/strategies/mock_strategy_003.webp', 0, NULL, NOW() - interval '7 days'),
  ('f3000000-0000-0000-0000-000000000004', 'f1000000-0000-0000-0000-000000000003', '/images/strategies/mock_strategy_004.webp', 0, NULL, NOW() - interval '7 days'),
  ('f3000000-0000-0000-0000-000000000005', 'f1000000-0000-0000-0000-000000000004', '/images/strategies/mock_strategy_005.webp', 0, NULL, NOW() - interval '7 days'),
  ('f3000000-0000-0000-0000-000000000006', 'f1000000-0000-0000-0000-000000000004', '/images/strategies/mock_strategy_006.webp', 1, NULL, NOW() - interval '7 days'),
  ('f3000000-0000-0000-0000-000000000007', 'f1000000-0000-0000-0000-000000000005', '/images/strategies/mock_strategy_007.webp', 0, NULL, NOW() - interval '7 days'),
  ('f3000000-0000-0000-0000-000000000008', 'f1000000-0000-0000-0000-000000000006', '/images/strategies/mock_strategy_008.webp', 0, NULL, NOW() - interval '7 days'),
  ('f3000000-0000-0000-0000-000000000009', 'f1000000-0000-0000-0000-000000000007', '/images/strategies/mock_strategy_009.webp', 0, NULL, NOW() - interval '7 days'),
  ('f3000000-0000-0000-0000-00000000000a', 'f1000000-0000-0000-0000-000000000007', '/images/strategies/mock_strategy_010.webp', 1, NULL, NOW() - interval '7 days'),
  ('f3000000-0000-0000-0000-00000000000b', 'f1000000-0000-0000-0000-000000000008', '/images/strategies/mock_strategy_011.webp', 0, NULL, NOW() - interval '7 days'),
  ('f3000000-0000-0000-0000-00000000000c', 'f1000000-0000-0000-0000-000000000009', '/images/strategies/mock_strategy_012.webp', 0, NULL, NOW() - interval '7 days'),
  ('f3000000-0000-0000-0000-00000000000d', 'f1000000-0000-0000-0000-00000000000a', '/images/strategies/mock_strategy_013.webp', 0, NULL, NOW() - interval '7 days'),
  ('f3000000-0000-0000-0000-00000000000e', 'f1000000-0000-0000-0000-00000000000a', '/images/strategies/mock_strategy_014.webp', 1, NULL, NOW() - interval '7 days'),
  ('f3000000-0000-0000-0000-00000000000f', 'f1000000-0000-0000-0000-00000000000b', '/images/strategies/mock_strategy_015.webp', 0, NULL, NOW() - interval '7 days'),
  ('f3000000-0000-0000-0000-000000000010', 'f1000000-0000-0000-0000-00000000000c', '/images/strategies/mock_strategy_016.webp', 0, NULL, NOW() - interval '7 days'),
  ('f3000000-0000-0000-0000-000000000011', 'f1000000-0000-0000-0000-00000000000d', '/images/strategies/mock_strategy_017.webp', 0, NULL, NOW() - interval '7 days'),
  ('f3000000-0000-0000-0000-000000000012', 'f1000000-0000-0000-0000-00000000000d', '/images/strategies/mock_strategy_018.webp', 1, NULL, NOW() - interval '7 days'),
  ('f3000000-0000-0000-0000-000000000013', 'f1000000-0000-0000-0000-00000000000e', '/images/strategies/mock_strategy_019.webp', 0, NULL, NOW() - interval '7 days'),
  ('f3000000-0000-0000-0000-000000000014', 'f1000000-0000-0000-0000-00000000000f', '/images/strategies/mock_strategy_020.webp', 0, NULL, NOW() - interval '7 days'),
  ('f3000000-0000-0000-0000-000000000015', 'f1000000-0000-0000-0000-000000000010', '/images/strategies/mock_strategy_021.webp', 0, NULL, NOW() - interval '7 days'),
  ('f3000000-0000-0000-0000-000000000016', 'f1000000-0000-0000-0000-000000000010', '/images/strategies/mock_strategy_022.webp', 1, NULL, NOW() - interval '7 days'),
  ('f3000000-0000-0000-0000-000000000017', 'f1000000-0000-0000-0000-000000000011', '/images/strategies/mock_strategy_023.webp', 0, NULL, NOW() - interval '7 days'),
  ('f3000000-0000-0000-0000-000000000018', 'f1000000-0000-0000-0000-000000000012', '/images/strategies/mock_strategy_024.webp', 0, NULL, NOW() - interval '7 days'),
  ('f3000000-0000-0000-0000-000000000019', 'f1000000-0000-0000-0000-000000000013', '/images/strategies/mock_strategy_025.webp', 0, NULL, NOW() - interval '7 days'),
  ('f3000000-0000-0000-0000-00000000001a', 'f1000000-0000-0000-0000-000000000013', '/images/strategies/mock_strategy_026.webp', 1, NULL, NOW() - interval '7 days'),
  ('f3000000-0000-0000-0000-00000000001b', 'f1000000-0000-0000-0000-000000000014', '/images/strategies/mock_strategy_027.webp', 0, NULL, NOW() - interval '7 days'),
  ('f3000000-0000-0000-0000-00000000001c', 'f1000000-0000-0000-0000-000000000015', '/images/strategies/mock_strategy_028.webp', 0, NULL, NOW() - interval '7 days'),
  ('f3000000-0000-0000-0000-00000000001d', 'f1000000-0000-0000-0000-000000000016', '/images/strategies/mock_strategy_029.webp', 0, NULL, NOW() - interval '7 days'),
  ('f3000000-0000-0000-0000-00000000001e', 'f1000000-0000-0000-0000-000000000016', '/images/strategies/mock_strategy_030.webp', 1, NULL, NOW() - interval '7 days'),
  ('f3000000-0000-0000-0000-00000000001f', 'f1000000-0000-0000-0000-000000000017', '/images/strategies/mock_strategy_031.webp', 0, NULL, NOW() - interval '7 days'),
  ('f3000000-0000-0000-0000-000000000020', 'f1000000-0000-0000-0000-000000000018', '/images/strategies/mock_strategy_032.webp', 0, NULL, NOW() - interval '7 days'),
  ('f3000000-0000-0000-0000-000000000021', 'f1000000-0000-0000-0000-000000000019', '/images/strategies/mock_strategy_033.webp', 0, NULL, NOW() - interval '7 days'),
  ('f3000000-0000-0000-0000-000000000022', 'f1000000-0000-0000-0000-000000000019', '/images/strategies/mock_strategy_034.webp', 1, NULL, NOW() - interval '7 days'),
  ('f3000000-0000-0000-0000-000000000023', 'f1000000-0000-0000-0000-00000000001a', '/images/strategies/mock_strategy_035.webp', 0, NULL, NOW() - interval '7 days'),
  ('f3000000-0000-0000-0000-000000000024', 'f1000000-0000-0000-0000-00000000001b', '/images/strategies/mock_strategy_036.webp', 0, NULL, NOW() - interval '7 days'),
  ('f3000000-0000-0000-0000-000000000025', 'f1000000-0000-0000-0000-00000000001c', '/images/strategies/mock_strategy_037.webp', 0, NULL, NOW() - interval '7 days'),
  ('f3000000-0000-0000-0000-000000000026', 'f1000000-0000-0000-0000-00000000001c', '/images/strategies/mock_strategy_038.webp', 1, NULL, NOW() - interval '7 days'),
  ('f3000000-0000-0000-0000-000000000027', 'f1000000-0000-0000-0000-00000000001d', '/images/strategies/mock_strategy_039.webp', 0, NULL, NOW() - interval '7 days'),
  ('f3000000-0000-0000-0000-000000000028', 'f1000000-0000-0000-0000-00000000001e', '/images/strategies/mock_strategy_040.webp', 0, NULL, NOW() - interval '7 days'),
  ('f3000000-0000-0000-0000-000000000029', 'f1000000-0000-0000-0000-00000000001f', '/images/strategies/mock_strategy_041.webp', 0, NULL, NOW() - interval '7 days'),
  ('f3000000-0000-0000-0000-00000000002a', 'f1000000-0000-0000-0000-00000000001f', '/images/strategies/mock_strategy_042.webp', 1, NULL, NOW() - interval '7 days'),
  ('f3000000-0000-0000-0000-00000000002b', 'f1000000-0000-0000-0000-000000000020', '/images/strategies/mock_strategy_043.webp', 0, NULL, NOW() - interval '7 days'),
  ('f3000000-0000-0000-0000-00000000002c', 'f1000000-0000-0000-0000-000000000021', '/images/strategies/mock_strategy_044.webp', 0, NULL, NOW() - interval '7 days'),
  ('f3000000-0000-0000-0000-00000000002d', 'f1000000-0000-0000-0000-000000000022', '/images/strategies/mock_strategy_045.webp', 0, NULL, NOW() - interval '7 days'),
  ('f3000000-0000-0000-0000-00000000002e', 'f1000000-0000-0000-0000-000000000022', '/images/strategies/mock_strategy_046.webp', 1, NULL, NOW() - interval '7 days'),
  ('f3000000-0000-0000-0000-00000000002f', 'f1000000-0000-0000-0000-000000000023', '/images/strategies/mock_strategy_047.webp', 0, NULL, NOW() - interval '7 days'),
  ('f3000000-0000-0000-0000-000000000030', 'f1000000-0000-0000-0000-000000000024', '/images/strategies/mock_strategy_048.webp', 0, NULL, NOW() - interval '7 days'),
  ('f3000000-0000-0000-0000-000000000031', 'f1000000-0000-0000-0000-000000000025', '/images/strategies/mock_strategy_049.webp', 0, NULL, NOW() - interval '7 days'),
  ('f3000000-0000-0000-0000-000000000032', 'f1000000-0000-0000-0000-000000000025', '/images/strategies/mock_strategy_050.webp', 1, NULL, NOW() - interval '7 days'),
  ('f3000000-0000-0000-0000-000000000033', 'f1000000-0000-0000-0000-000000000026', '/images/strategies/mock_strategy_051.webp', 0, NULL, NOW() - interval '7 days'),
  ('f3000000-0000-0000-0000-000000000034', 'f1000000-0000-0000-0000-000000000027', '/images/strategies/mock_strategy_052.webp', 0, NULL, NOW() - interval '7 days'),
  ('f3000000-0000-0000-0000-000000000035', 'f1000000-0000-0000-0000-000000000028', '/images/strategies/mock_strategy_053.webp', 0, NULL, NOW() - interval '7 days'),
  ('f3000000-0000-0000-0000-000000000036', 'f1000000-0000-0000-0000-000000000028', '/images/strategies/mock_strategy_054.webp', 1, NULL, NOW() - interval '7 days'),
  ('f3000000-0000-0000-0000-000000000037', 'f1000000-0000-0000-0000-000000000029', '/images/strategies/mock_strategy_055.webp', 0, NULL, NOW() - interval '7 days'),
  ('f3000000-0000-0000-0000-000000000038', 'f1000000-0000-0000-0000-00000000002a', '/images/strategies/mock_strategy_056.webp', 0, NULL, NOW() - interval '7 days'),
  ('f3000000-0000-0000-0000-000000000039', 'f1000000-0000-0000-0000-00000000002b', '/images/strategies/mock_strategy_057.webp', 0, NULL, NOW() - interval '7 days'),
  ('f3000000-0000-0000-0000-00000000003a', 'f1000000-0000-0000-0000-00000000002b', '/images/strategies/mock_strategy_058.webp', 1, NULL, NOW() - interval '7 days'),
  ('f3000000-0000-0000-0000-00000000003b', 'f1000000-0000-0000-0000-00000000002c', '/images/strategies/mock_strategy_059.webp', 0, NULL, NOW() - interval '7 days'),
  ('f3000000-0000-0000-0000-00000000003c', 'f1000000-0000-0000-0000-00000000002d', '/images/strategies/mock_strategy_060.webp', 0, NULL, NOW() - interval '7 days'),
  ('f3000000-0000-0000-0000-00000000003d', 'f1000000-0000-0000-0000-00000000002e', '/images/strategies/mock_strategy_061.webp', 0, NULL, NOW() - interval '7 days'),
  ('f3000000-0000-0000-0000-00000000003e', 'f1000000-0000-0000-0000-00000000002e', '/images/strategies/mock_strategy_062.webp', 1, NULL, NOW() - interval '7 days'),
  ('f3000000-0000-0000-0000-00000000003f', 'f1000000-0000-0000-0000-00000000002f', '/images/strategies/mock_strategy_063.webp', 0, NULL, NOW() - interval '7 days'),
  ('f3000000-0000-0000-0000-000000000040', 'f1000000-0000-0000-0000-000000000030', '/images/strategies/mock_strategy_064.webp', 0, NULL, NOW() - interval '7 days'),
  ('f3000000-0000-0000-0000-000000000041', 'f1000000-0000-0000-0000-000000000031', '/images/strategies/mock_strategy_065.webp', 0, NULL, NOW() - interval '7 days'),
  ('f3000000-0000-0000-0000-000000000042', 'f1000000-0000-0000-0000-000000000031', '/images/strategies/mock_strategy_066.webp', 1, NULL, NOW() - interval '7 days'),
  ('f3000000-0000-0000-0000-000000000043', 'f1000000-0000-0000-0000-000000000032', '/images/strategies/mock_strategy_067.webp', 0, NULL, NOW() - interval '7 days')
ON CONFLICT (id) DO NOTHING;

-- ============================================================
-- 4. STRATEGY HOTSPOTS — 2-4 per strategy
-- UUIDs: f4000000-0000-0000-0000-000000000001 .. 000095
-- ============================================================
INSERT INTO strategy_hotspots (id, strategy_id, image_id, x_percent, y_percent, label) VALUES
  ('f4000000-0000-0000-0000-000000000001', 'f1000000-0000-0000-0000-000000000001', NULL, 15.00, 15.00, 'Primary breach wall'),
  ('f4000000-0000-0000-0000-000000000002', 'f1000000-0000-0000-0000-000000000001', NULL, 28.00, 32.00, 'Default plant position'),
  ('f4000000-0000-0000-0000-000000000003', 'f1000000-0000-0000-0000-000000000002', NULL, 22.00, 26.00, 'Hard breach placement'),
  ('f4000000-0000-0000-0000-000000000004', 'f1000000-0000-0000-0000-000000000002', NULL, 35.00, 43.00, 'Smoke plant cover'),
  ('f4000000-0000-0000-0000-000000000005', 'f1000000-0000-0000-0000-000000000002', NULL, 48.00, 60.00, 'Roamer clear rotation'),
  ('f4000000-0000-0000-0000-000000000006', 'f1000000-0000-0000-0000-000000000003', NULL, 29.00, 37.00, 'Gadget placement zone'),
  ('f4000000-0000-0000-0000-000000000007', 'f1000000-0000-0000-0000-000000000003', NULL, 42.00, 54.00, 'Crossfire position'),
  ('f4000000-0000-0000-0000-000000000008', 'f1000000-0000-0000-0000-000000000003', NULL, 55.00, 71.00, 'Rotation hole'),
  ('f4000000-0000-0000-0000-000000000009', 'f1000000-0000-0000-0000-000000000003', NULL, 68.00, 88.00, 'Intel gathering spot'),
  ('f4000000-0000-0000-0000-00000000000a', 'f1000000-0000-0000-0000-000000000004', NULL, 36.00, 48.00, 'Reinforcement priority'),
  ('f4000000-0000-0000-0000-00000000000b', 'f1000000-0000-0000-0000-000000000004', NULL, 49.00, 65.00, 'Mira window placement'),
  ('f4000000-0000-0000-0000-00000000000c', 'f1000000-0000-0000-0000-000000000005', NULL, 43.00, 59.00, 'Shield position'),
  ('f4000000-0000-0000-0000-00000000000d', 'f1000000-0000-0000-0000-000000000005', NULL, 56.00, 76.00, 'C4 throw line'),
  ('f4000000-0000-0000-0000-00000000000e', 'f1000000-0000-0000-0000-000000000005', NULL, 69.00, 18.00, 'Drone entrance'),
  ('f4000000-0000-0000-0000-00000000000f', 'f1000000-0000-0000-0000-000000000006', NULL, 50.00, 70.00, 'Jäger ADS location'),
  ('f4000000-0000-0000-0000-000000000010', 'f1000000-0000-0000-0000-000000000006', NULL, 63.00, 87.00, 'Bandit trick wall'),
  ('f4000000-0000-0000-0000-000000000011', 'f1000000-0000-0000-0000-000000000006', NULL, 76.00, 29.00, 'Kaid electroclaw'),
  ('f4000000-0000-0000-0000-000000000012', 'f1000000-0000-0000-0000-000000000006', NULL, 89.00, 46.00, 'Mute jammer position'),
  ('f4000000-0000-0000-0000-000000000013', 'f1000000-0000-0000-0000-000000000007', NULL, 57.00, 81.00, 'Azami Kiba barrier'),
  ('f4000000-0000-0000-0000-000000000014', 'f1000000-0000-0000-0000-000000000007', NULL, 70.00, 23.00, 'Smoke canister line'),
  ('f4000000-0000-0000-0000-000000000015', 'f1000000-0000-0000-0000-000000000008', NULL, 64.00, 17.00, 'Maestro turret'),
  ('f4000000-0000-0000-0000-000000000016', 'f1000000-0000-0000-0000-000000000008', NULL, 77.00, 34.00, 'Valkyrie cam spot'),
  ('f4000000-0000-0000-0000-000000000017', 'f1000000-0000-0000-0000-000000000008', NULL, 15.00, 51.00, 'Echo drone hover'),
  ('f4000000-0000-0000-0000-000000000018', 'f1000000-0000-0000-0000-000000000009', NULL, 71.00, 28.00, 'Banshee placement'),
  ('f4000000-0000-0000-0000-000000000019', 'f1000000-0000-0000-0000-000000000009', NULL, 84.00, 45.00, 'Prisma decoy'),
  ('f4000000-0000-0000-0000-00000000001a', 'f1000000-0000-0000-0000-000000000009', NULL, 22.00, 62.00, 'Armor pack spot'),
  ('f4000000-0000-0000-0000-00000000001b', 'f1000000-0000-0000-0000-000000000009', NULL, 35.00, 79.00, 'Barbed wire chokepoint'),
  ('f4000000-0000-0000-0000-00000000001c', 'f1000000-0000-0000-0000-00000000000a', NULL, 78.00, 39.00, 'Default plant behind pillar'),
  ('f4000000-0000-0000-0000-00000000001d', 'f1000000-0000-0000-0000-00000000000a', NULL, 16.00, 56.00, 'Attacker spawn peak'),
  ('f4000000-0000-0000-0000-00000000001e', 'f1000000-0000-0000-0000-00000000000b', NULL, 85.00, 50.00, 'Primary breach wall'),
  ('f4000000-0000-0000-0000-00000000001f', 'f1000000-0000-0000-0000-00000000000b', NULL, 23.00, 67.00, 'Default plant position'),
  ('f4000000-0000-0000-0000-000000000020', 'f1000000-0000-0000-0000-00000000000b', NULL, 36.00, 84.00, 'Flank hold — stairs'),
  ('f4000000-0000-0000-0000-000000000021', 'f1000000-0000-0000-0000-00000000000c', NULL, 17.00, 61.00, 'Hard breach placement'),
  ('f4000000-0000-0000-0000-000000000022', 'f1000000-0000-0000-0000-00000000000c', NULL, 30.00, 78.00, 'Smoke plant cover'),
  ('f4000000-0000-0000-0000-000000000023', 'f1000000-0000-0000-0000-00000000000c', NULL, 43.00, 20.00, 'Roamer clear rotation'),
  ('f4000000-0000-0000-0000-000000000024', 'f1000000-0000-0000-0000-00000000000c', NULL, 56.00, 37.00, 'Vertical destruction point'),
  ('f4000000-0000-0000-0000-000000000025', 'f1000000-0000-0000-0000-00000000000d', NULL, 24.00, 72.00, 'Gadget placement zone'),
  ('f4000000-0000-0000-0000-000000000026', 'f1000000-0000-0000-0000-00000000000d', NULL, 37.00, 89.00, 'Crossfire position'),
  ('f4000000-0000-0000-0000-000000000027', 'f1000000-0000-0000-0000-00000000000e', NULL, 31.00, 83.00, 'Reinforcement priority'),
  ('f4000000-0000-0000-0000-000000000028', 'f1000000-0000-0000-0000-00000000000e', NULL, 44.00, 25.00, 'Mira window placement'),
  ('f4000000-0000-0000-0000-000000000029', 'f1000000-0000-0000-0000-00000000000e', NULL, 57.00, 42.00, 'Area denial point'),
  ('f4000000-0000-0000-0000-00000000002a', 'f1000000-0000-0000-0000-00000000000f', NULL, 38.00, 19.00, 'Shield position'),
  ('f4000000-0000-0000-0000-00000000002b', 'f1000000-0000-0000-0000-00000000000f', NULL, 51.00, 36.00, 'C4 throw line'),
  ('f4000000-0000-0000-0000-00000000002c', 'f1000000-0000-0000-0000-00000000000f', NULL, 64.00, 53.00, 'Drone entrance'),
  ('f4000000-0000-0000-0000-00000000002d', 'f1000000-0000-0000-0000-00000000000f', NULL, 77.00, 70.00, 'Retake path'),
  ('f4000000-0000-0000-0000-00000000002e', 'f1000000-0000-0000-0000-000000000010', NULL, 45.00, 30.00, 'Jäger ADS location'),
  ('f4000000-0000-0000-0000-00000000002f', 'f1000000-0000-0000-0000-000000000010', NULL, 58.00, 47.00, 'Bandit trick wall'),
  ('f4000000-0000-0000-0000-000000000030', 'f1000000-0000-0000-0000-000000000011', NULL, 52.00, 41.00, 'Azami Kiba barrier'),
  ('f4000000-0000-0000-0000-000000000031', 'f1000000-0000-0000-0000-000000000011', NULL, 65.00, 58.00, 'Smoke canister line'),
  ('f4000000-0000-0000-0000-000000000032', 'f1000000-0000-0000-0000-000000000011', NULL, 78.00, 75.00, 'Lesion gu mine'),
  ('f4000000-0000-0000-0000-000000000033', 'f1000000-0000-0000-0000-000000000012', NULL, 59.00, 52.00, 'Maestro turret'),
  ('f4000000-0000-0000-0000-000000000034', 'f1000000-0000-0000-0000-000000000012', NULL, 72.00, 69.00, 'Valkyrie cam spot'),
  ('f4000000-0000-0000-0000-000000000035', 'f1000000-0000-0000-0000-000000000012', NULL, 85.00, 86.00, 'Echo drone hover'),
  ('f4000000-0000-0000-0000-000000000036', 'f1000000-0000-0000-0000-000000000012', NULL, 23.00, 28.00, 'Mira window angle'),
  ('f4000000-0000-0000-0000-000000000037', 'f1000000-0000-0000-0000-000000000013', NULL, 66.00, 63.00, 'Banshee placement'),
  ('f4000000-0000-0000-0000-000000000038', 'f1000000-0000-0000-0000-000000000013', NULL, 79.00, 80.00, 'Prisma decoy'),
  ('f4000000-0000-0000-0000-000000000039', 'f1000000-0000-0000-0000-000000000014', NULL, 73.00, 74.00, 'Default plant behind pillar'),
  ('f4000000-0000-0000-0000-00000000003a', 'f1000000-0000-0000-0000-000000000014', NULL, 86.00, 16.00, 'Attacker spawn peak'),
  ('f4000000-0000-0000-0000-00000000003b', 'f1000000-0000-0000-0000-000000000014', NULL, 24.00, 33.00, 'Droning path'),
  ('f4000000-0000-0000-0000-00000000003c', 'f1000000-0000-0000-0000-000000000015', NULL, 80.00, 85.00, 'Primary breach wall'),
  ('f4000000-0000-0000-0000-00000000003d', 'f1000000-0000-0000-0000-000000000015', NULL, 18.00, 27.00, 'Default plant position'),
  ('f4000000-0000-0000-0000-00000000003e', 'f1000000-0000-0000-0000-000000000015', NULL, 31.00, 44.00, 'Flank hold — stairs'),
  ('f4000000-0000-0000-0000-00000000003f', 'f1000000-0000-0000-0000-000000000015', NULL, 44.00, 61.00, 'Entry fragger rush path'),
  ('f4000000-0000-0000-0000-000000000040', 'f1000000-0000-0000-0000-000000000016', NULL, 87.00, 21.00, 'Hard breach placement'),
  ('f4000000-0000-0000-0000-000000000041', 'f1000000-0000-0000-0000-000000000016', NULL, 25.00, 38.00, 'Smoke plant cover'),
  ('f4000000-0000-0000-0000-000000000042', 'f1000000-0000-0000-0000-000000000017', NULL, 19.00, 32.00, 'Gadget placement zone'),
  ('f4000000-0000-0000-0000-000000000043', 'f1000000-0000-0000-0000-000000000017', NULL, 32.00, 49.00, 'Crossfire position'),
  ('f4000000-0000-0000-0000-000000000044', 'f1000000-0000-0000-0000-000000000017', NULL, 45.00, 66.00, 'Rotation hole'),
  ('f4000000-0000-0000-0000-000000000045', 'f1000000-0000-0000-0000-000000000018', NULL, 26.00, 43.00, 'Reinforcement priority'),
  ('f4000000-0000-0000-0000-000000000046', 'f1000000-0000-0000-0000-000000000018', NULL, 39.00, 60.00, 'Mira window placement'),
  ('f4000000-0000-0000-0000-000000000047', 'f1000000-0000-0000-0000-000000000018', NULL, 52.00, 77.00, 'Area denial point'),
  ('f4000000-0000-0000-0000-000000000048', 'f1000000-0000-0000-0000-000000000018', NULL, 65.00, 19.00, 'Flank watch position'),
  ('f4000000-0000-0000-0000-000000000049', 'f1000000-0000-0000-0000-000000000019', NULL, 33.00, 54.00, 'Shield position'),
  ('f4000000-0000-0000-0000-00000000004a', 'f1000000-0000-0000-0000-000000000019', NULL, 46.00, 71.00, 'C4 throw line'),
  ('f4000000-0000-0000-0000-00000000004b', 'f1000000-0000-0000-0000-00000000001a', NULL, 40.00, 65.00, 'Jäger ADS location'),
  ('f4000000-0000-0000-0000-00000000004c', 'f1000000-0000-0000-0000-00000000001a', NULL, 53.00, 82.00, 'Bandit trick wall'),
  ('f4000000-0000-0000-0000-00000000004d', 'f1000000-0000-0000-0000-00000000001a', NULL, 66.00, 24.00, 'Kaid electroclaw'),
  ('f4000000-0000-0000-0000-00000000004e', 'f1000000-0000-0000-0000-00000000001b', NULL, 47.00, 76.00, 'Azami Kiba barrier'),
  ('f4000000-0000-0000-0000-00000000004f', 'f1000000-0000-0000-0000-00000000001b', NULL, 60.00, 18.00, 'Smoke canister line'),
  ('f4000000-0000-0000-0000-000000000050', 'f1000000-0000-0000-0000-00000000001b', NULL, 73.00, 35.00, 'Lesion gu mine'),
  ('f4000000-0000-0000-0000-000000000051', 'f1000000-0000-0000-0000-00000000001b', NULL, 86.00, 52.00, 'Frost mat placement'),
  ('f4000000-0000-0000-0000-000000000052', 'f1000000-0000-0000-0000-00000000001c', NULL, 54.00, 87.00, 'Maestro turret'),
  ('f4000000-0000-0000-0000-000000000053', 'f1000000-0000-0000-0000-00000000001c', NULL, 67.00, 29.00, 'Valkyrie cam spot'),
  ('f4000000-0000-0000-0000-000000000054', 'f1000000-0000-0000-0000-00000000001d', NULL, 61.00, 23.00, 'Banshee placement'),
  ('f4000000-0000-0000-0000-000000000055', 'f1000000-0000-0000-0000-00000000001d', NULL, 74.00, 40.00, 'Prisma decoy'),
  ('f4000000-0000-0000-0000-000000000056', 'f1000000-0000-0000-0000-00000000001d', NULL, 87.00, 57.00, 'Armor pack spot'),
  ('f4000000-0000-0000-0000-000000000057', 'f1000000-0000-0000-0000-00000000001e', NULL, 68.00, 34.00, 'Default plant behind pillar'),
  ('f4000000-0000-0000-0000-000000000058', 'f1000000-0000-0000-0000-00000000001e', NULL, 81.00, 51.00, 'Attacker spawn peak'),
  ('f4000000-0000-0000-0000-000000000059', 'f1000000-0000-0000-0000-00000000001e', NULL, 19.00, 68.00, 'Droning path'),
  ('f4000000-0000-0000-0000-00000000005a', 'f1000000-0000-0000-0000-00000000001e', NULL, 32.00, 85.00, 'Vertical hold from below'),
  ('f4000000-0000-0000-0000-00000000005b', 'f1000000-0000-0000-0000-00000000001f', NULL, 75.00, 45.00, 'Primary breach wall'),
  ('f4000000-0000-0000-0000-00000000005c', 'f1000000-0000-0000-0000-00000000001f', NULL, 88.00, 62.00, 'Default plant position'),
  ('f4000000-0000-0000-0000-00000000005d', 'f1000000-0000-0000-0000-000000000020', NULL, 82.00, 56.00, 'Hard breach placement'),
  ('f4000000-0000-0000-0000-00000000005e', 'f1000000-0000-0000-0000-000000000020', NULL, 20.00, 73.00, 'Smoke plant cover'),
  ('f4000000-0000-0000-0000-00000000005f', 'f1000000-0000-0000-0000-000000000020', NULL, 33.00, 15.00, 'Roamer clear rotation'),
  ('f4000000-0000-0000-0000-000000000060', 'f1000000-0000-0000-0000-000000000021', NULL, 89.00, 67.00, 'Gadget placement zone'),
  ('f4000000-0000-0000-0000-000000000061', 'f1000000-0000-0000-0000-000000000021', NULL, 27.00, 84.00, 'Crossfire position'),
  ('f4000000-0000-0000-0000-000000000062', 'f1000000-0000-0000-0000-000000000021', NULL, 40.00, 26.00, 'Rotation hole'),
  ('f4000000-0000-0000-0000-000000000063', 'f1000000-0000-0000-0000-000000000021', NULL, 53.00, 43.00, 'Intel gathering spot'),
  ('f4000000-0000-0000-0000-000000000064', 'f1000000-0000-0000-0000-000000000022', NULL, 21.00, 78.00, 'Reinforcement priority'),
  ('f4000000-0000-0000-0000-000000000065', 'f1000000-0000-0000-0000-000000000022', NULL, 34.00, 20.00, 'Mira window placement'),
  ('f4000000-0000-0000-0000-000000000066', 'f1000000-0000-0000-0000-000000000023', NULL, 28.00, 89.00, 'Shield position'),
  ('f4000000-0000-0000-0000-000000000067', 'f1000000-0000-0000-0000-000000000023', NULL, 41.00, 31.00, 'C4 throw line'),
  ('f4000000-0000-0000-0000-000000000068', 'f1000000-0000-0000-0000-000000000023', NULL, 54.00, 48.00, 'Drone entrance'),
  ('f4000000-0000-0000-0000-000000000069', 'f1000000-0000-0000-0000-000000000024', NULL, 35.00, 25.00, 'Jäger ADS location'),
  ('f4000000-0000-0000-0000-00000000006a', 'f1000000-0000-0000-0000-000000000024', NULL, 48.00, 42.00, 'Bandit trick wall'),
  ('f4000000-0000-0000-0000-00000000006b', 'f1000000-0000-0000-0000-000000000024', NULL, 61.00, 59.00, 'Kaid electroclaw'),
  ('f4000000-0000-0000-0000-00000000006c', 'f1000000-0000-0000-0000-000000000024', NULL, 74.00, 76.00, 'Mute jammer position'),
  ('f4000000-0000-0000-0000-00000000006d', 'f1000000-0000-0000-0000-000000000025', NULL, 42.00, 36.00, 'Azami Kiba barrier'),
  ('f4000000-0000-0000-0000-00000000006e', 'f1000000-0000-0000-0000-000000000025', NULL, 55.00, 53.00, 'Smoke canister line'),
  ('f4000000-0000-0000-0000-00000000006f', 'f1000000-0000-0000-0000-000000000026', NULL, 49.00, 47.00, 'Maestro turret'),
  ('f4000000-0000-0000-0000-000000000070', 'f1000000-0000-0000-0000-000000000026', NULL, 62.00, 64.00, 'Valkyrie cam spot'),
  ('f4000000-0000-0000-0000-000000000071', 'f1000000-0000-0000-0000-000000000026', NULL, 75.00, 81.00, 'Echo drone hover'),
  ('f4000000-0000-0000-0000-000000000072', 'f1000000-0000-0000-0000-000000000027', NULL, 56.00, 58.00, 'Banshee placement'),
  ('f4000000-0000-0000-0000-000000000073', 'f1000000-0000-0000-0000-000000000027', NULL, 69.00, 75.00, 'Prisma decoy'),
  ('f4000000-0000-0000-0000-000000000074', 'f1000000-0000-0000-0000-000000000027', NULL, 82.00, 17.00, 'Armor pack spot'),
  ('f4000000-0000-0000-0000-000000000075', 'f1000000-0000-0000-0000-000000000027', NULL, 20.00, 34.00, 'Barbed wire chokepoint'),
  ('f4000000-0000-0000-0000-000000000076', 'f1000000-0000-0000-0000-000000000028', NULL, 63.00, 69.00, 'Default plant behind pillar'),
  ('f4000000-0000-0000-0000-000000000077', 'f1000000-0000-0000-0000-000000000028', NULL, 76.00, 86.00, 'Attacker spawn peak'),
  ('f4000000-0000-0000-0000-000000000078', 'f1000000-0000-0000-0000-000000000029', NULL, 70.00, 80.00, 'Primary breach wall'),
  ('f4000000-0000-0000-0000-000000000079', 'f1000000-0000-0000-0000-000000000029', NULL, 83.00, 22.00, 'Default plant position'),
  ('f4000000-0000-0000-0000-00000000007a', 'f1000000-0000-0000-0000-000000000029', NULL, 21.00, 39.00, 'Flank hold — stairs'),
  ('f4000000-0000-0000-0000-00000000007b', 'f1000000-0000-0000-0000-00000000002a', NULL, 77.00, 16.00, 'Hard breach placement'),
  ('f4000000-0000-0000-0000-00000000007c', 'f1000000-0000-0000-0000-00000000002a', NULL, 15.00, 33.00, 'Smoke plant cover'),
  ('f4000000-0000-0000-0000-00000000007d', 'f1000000-0000-0000-0000-00000000002a', NULL, 28.00, 50.00, 'Roamer clear rotation'),
  ('f4000000-0000-0000-0000-00000000007e', 'f1000000-0000-0000-0000-00000000002a', NULL, 41.00, 67.00, 'Vertical destruction point'),
  ('f4000000-0000-0000-0000-00000000007f', 'f1000000-0000-0000-0000-00000000002b', NULL, 84.00, 27.00, 'Gadget placement zone'),
  ('f4000000-0000-0000-0000-000000000080', 'f1000000-0000-0000-0000-00000000002b', NULL, 22.00, 44.00, 'Crossfire position'),
  ('f4000000-0000-0000-0000-000000000081', 'f1000000-0000-0000-0000-00000000002c', NULL, 16.00, 38.00, 'Reinforcement priority'),
  ('f4000000-0000-0000-0000-000000000082', 'f1000000-0000-0000-0000-00000000002c', NULL, 29.00, 55.00, 'Mira window placement'),
  ('f4000000-0000-0000-0000-000000000083', 'f1000000-0000-0000-0000-00000000002c', NULL, 42.00, 72.00, 'Area denial point'),
  ('f4000000-0000-0000-0000-000000000084', 'f1000000-0000-0000-0000-00000000002d', NULL, 23.00, 49.00, 'Shield position'),
  ('f4000000-0000-0000-0000-000000000085', 'f1000000-0000-0000-0000-00000000002d', NULL, 36.00, 66.00, 'C4 throw line'),
  ('f4000000-0000-0000-0000-000000000086', 'f1000000-0000-0000-0000-00000000002d', NULL, 49.00, 83.00, 'Drone entrance'),
  ('f4000000-0000-0000-0000-000000000087', 'f1000000-0000-0000-0000-00000000002d', NULL, 62.00, 25.00, 'Retake path'),
  ('f4000000-0000-0000-0000-000000000088', 'f1000000-0000-0000-0000-00000000002e', NULL, 30.00, 60.00, 'Jäger ADS location'),
  ('f4000000-0000-0000-0000-000000000089', 'f1000000-0000-0000-0000-00000000002e', NULL, 43.00, 77.00, 'Bandit trick wall'),
  ('f4000000-0000-0000-0000-00000000008a', 'f1000000-0000-0000-0000-00000000002f', NULL, 37.00, 71.00, 'Azami Kiba barrier'),
  ('f4000000-0000-0000-0000-00000000008b', 'f1000000-0000-0000-0000-00000000002f', NULL, 50.00, 88.00, 'Smoke canister line'),
  ('f4000000-0000-0000-0000-00000000008c', 'f1000000-0000-0000-0000-00000000002f', NULL, 63.00, 30.00, 'Lesion gu mine'),
  ('f4000000-0000-0000-0000-00000000008d', 'f1000000-0000-0000-0000-000000000030', NULL, 44.00, 82.00, 'Maestro turret'),
  ('f4000000-0000-0000-0000-00000000008e', 'f1000000-0000-0000-0000-000000000030', NULL, 57.00, 24.00, 'Valkyrie cam spot'),
  ('f4000000-0000-0000-0000-00000000008f', 'f1000000-0000-0000-0000-000000000030', NULL, 70.00, 41.00, 'Echo drone hover'),
  ('f4000000-0000-0000-0000-000000000090', 'f1000000-0000-0000-0000-000000000030', NULL, 83.00, 58.00, 'Mira window angle'),
  ('f4000000-0000-0000-0000-000000000091', 'f1000000-0000-0000-0000-000000000031', NULL, 51.00, 18.00, 'Banshee placement'),
  ('f4000000-0000-0000-0000-000000000092', 'f1000000-0000-0000-0000-000000000031', NULL, 64.00, 35.00, 'Prisma decoy'),
  ('f4000000-0000-0000-0000-000000000093', 'f1000000-0000-0000-0000-000000000032', NULL, 58.00, 29.00, 'Default plant behind pillar'),
  ('f4000000-0000-0000-0000-000000000094', 'f1000000-0000-0000-0000-000000000032', NULL, 71.00, 46.00, 'Attacker spawn peak'),
  ('f4000000-0000-0000-0000-000000000095', 'f1000000-0000-0000-0000-000000000032', NULL, 84.00, 63.00, 'Droning path')
ON CONFLICT (id) DO NOTHING;

-- Re-enable FK checks
SET session_replication_role = 'origin';
